Rad-Nr;Typ;Farbe;Groesse;Foto (Dateiname);Status;Notiz (nur Mitarbeiter)
R-001;Citybike;Blau;M;R-001.jpg;aktiv;
R-002;Citybike;Schwarz;L;R-002.jpg;aktiv;
R-003;Citybike;Weiss;S;R-003.jpg;aktiv;
R-004;E-Bike;Rot;M;R-004.jpg;aktiv;Akku nach jeder Ausleihe laden
R-005;E-Bike;Schwarz;L;R-005.jpg;aktiv;
R-006;Mountainbike;Gruen;M;R-006.jpg;in Wartung;Bremse hinten pruefen
R-007;Mountainbike;Orange;L;R-007.jpg;aktiv;
R-008;Kinderrad;Rot;20 Zoll;R-008.jpg;aktiv;
R-009;Kinderrad;Blau;24 Zoll;R-009.jpg;defekt;Reifen platt, Schlauch tauschen
R-010;Citybike;Gelb;M;R-010.jpg;aktiv;
